421	Shop antique & vintage style home decor at Pipihiri. Terracotta table clocks & antique decor items handmade in India. Free shipping ₹999+.	Shop antique & vintage style home decor at Pipihiri. Terracotta table clocks & antique decor items handmade in India.
64	Shop handmade terracotta home decor at Pipihiri. Ethnic, quirky & unique Indian decor items crafted by artisans. Free shipping above ₹999.	Shop handmade terracotta home decor at Pipihiri. Ethnic, quirky & unique Indian decor items crafted by artisans.
42	Shop handmade terracotta tableware & clay kitchen accessories at Pipihiri. Food-safe, artisan-crafted in India. Free shipping above ₹999.	Shop handmade terracotta tableware & clay kitchen accessories at Pipihiri. Food-safe, artisan-crafted in India.
34	Shop handmade terracotta home decor at Pipihiri. Ethnic, quirky & unique Indian decor items crafted by artisans. Free shipping above ₹999.	Shop handmade terracotta home decor at Pipihiri. Ethnic, quirky & unique Indian decor items crafted by artisans.
424	Shop handmade terracotta lamps & clay lamps at Pipihiri. Owl electric lamps & home lighting decor made in India. Free shipping above ₹999.	Shop handmade terracotta lamps & clay lamps at Pipihiri. Owl electric lamps & home lighting decor made in India.
413	Shop handmade housewarming & Griha Pravesh gifts at Pipihiri. Unique home gifts for new beginnings. Free shipping above ₹999 | Made in India.	Shop handmade housewarming & Griha Pravesh gifts at Pipihiri. Unique home gifts for new beginnings. Made in India.
106	Shop handmade terracotta home decor at Pipihiri. Ethnic, quirky & unique Indian decor items crafted by artisans. Free shipping above ₹999.	Shop handmade terracotta home decor at Pipihiri. Ethnic, quirky & unique Indian decor items crafted by artisans.
105	Shop handmade terracotta home decor at Pipihiri. Ethnic, quirky & unique Indian decor items crafted by artisans. Free shipping above ₹999.	Shop handmade terracotta home decor at Pipihiri. Ethnic, quirky & unique Indian decor items crafted by artisans.
77	Shop handmade terracotta pen stands & desk organizers at Pipihiri. Unique artisan-crafted desk decor made in India. Free shipping above ₹999.	Shop handmade terracotta pen stands & desk organizers at Pipihiri. Unique artisan-crafted desk decor made in India.
410	Shop unique handmade home decor items at Pipihiri. Indian, ethnic & quirky decor crafted by artisans. Free shipping above ₹999.	Shop unique handmade home decor items at Pipihiri. Indian, ethnic & quirky decor crafted by artisans.
41	Shop handpainted terracotta planters & clay pots at Pipihiri. Cute indoor & outdoor plant pots by Indian artisans. Free shipping ₹999+.	Shop handpainted terracotta planters & clay pots at Pipihiri. Cute indoor & outdoor plant pots by Indian artisans.
76	Shop handmade terracotta home decor at Pipihiri. Ethnic, quirky & unique Indian decor items crafted by artisans. Free shipping above ₹999.	Shop handmade terracotta home decor at Pipihiri. Ethnic, quirky & unique Indian decor items crafted by artisans.
419	Shop handmade terracotta bells & wind chimes at Pipihiri. Hand-painted decorative bells for home & gifting. Free shipping above ₹999.	Shop handmade terracotta bells & wind chimes at Pipihiri. Hand-painted decorative bells for home & gifting.
411	Shop handmade Diwali gifts and gift hampers at Pipihiri. Unique Diwali gift ideas for family, friends & employees. Free shipping ₹999+.	Shop handmade Diwali gifts and gift hampers at Pipihiri. Unique Diwali gift ideas for family, friends & employees.
63	Shop handmade terracotta piggy banks & clay money banks at Pipihiri. Fun, safe savings banks for kids made in India. Free shipping ₹999+.	Shop handmade terracotta piggy banks & clay money banks at Pipihiri. Fun, safe savings banks for kids made in India.
420	Shop handmade terracotta coasters & tableware at Pipihiri. Unique clay coaster sets & kitchen decor. Free shipping above ₹999 | Made in India.	Shop handmade terracotta coasters & tableware at Pipihiri. Unique clay coaster sets & kitchen decor. Made in India.
414	Shop handpainted terracotta planters & clay pots at Pipihiri. Cute indoor planters for every plant and every space. Free shipping ₹999+.	Shop handpainted terracotta planters & clay pots at Pipihiri. Cute indoor planters for every plant and every space.
418	Shop unique handcrafted gifts under ₹1000 at Pipihiri. Small gifts for every occasion — birthdays, festivals, gifting. Free shipping ₹999+.	Shop unique handcrafted gifts under ₹1000 at Pipihiri. Small gifts for every occasion — birthdays, festivals, gifting.
423	Shop handmade terracotta wall hangings & wall decor items at Pipihiri. Unique wall art India & home decor hanging items. Free shipping ₹999+.	Shop handmade terracotta wall hangings & wall decor items at Pipihiri. Unique wall art India & home decor hanging items.
107	Shop handmade terracotta fridge magnets at Pipihiri. Decorative hand-painted Indian souvenir magnets. Perfect gifts & return gifts. Free shipping ₹999+.	Shop handmade terracotta fridge magnets at Pipihiri. Decorative hand-painted Indian souvenir magnets. Perfect gifts & return gifts.
422	Shop unique handmade gifts at Pipihiri. Gift ideas for sister, secret santa, birthdays & every occasion. Free shipping ₹999+ | Made in India.	Shop unique handmade gifts at Pipihiri. Gift ideas for sister, secret santa, birthdays & every occasion. Made in India.
40	Shop terracotta handmade candle holders & tealight covers at Pipihiri. Diwali & everyday designs. Free shipping above ₹999.	Shop terracotta handmade candle holders & tealight covers at Pipihiri. Diwali & everyday designs.
417	Shop handmade terracotta piggy banks & clay money banks at Pipihiri. Fun, safe savings banks for kids made in India. Free shipping ₹999+.	Shop handmade terracotta piggy banks & clay money banks at Pipihiri. Fun, safe savings banks for kids made in India.
44	Shop handmade terracotta tableware & clay kitchen accessories at Pipihiri. Food-safe, artisan-crafted in India. Free shipping above ₹999.	Shop handmade terracotta tableware & clay kitchen accessories at Pipihiri. Food-safe, artisan-crafted in India.
415	Shop handmade decorative candle holders & tealight covers at Pipihiri. Beautiful terracotta designs for home & Diwali decor. Free shipping ₹999+.	Shop handmade decorative candle holders & tealight covers at Pipihiri. Beautiful terracotta designs for home & Diwali decor.
75	Shop handmade terracotta home decor at Pipihiri. Ethnic, quirky & unique Indian decor items crafted by artisans. Free shipping above ₹999.	Shop handmade terracotta home decor at Pipihiri. Ethnic, quirky & unique Indian decor items crafted by artisans.
